{"name":"Plan","identifier":"IVOJPBU7LL","description":"plan","slotTypeValues":[{"synonyms":null,"sampleValue":{"value":"prepaid"}},{"synonyms":null,"sampleValue":{"value":"postpaid"}},{"synonyms":null,"sampleValue":{"value":"others"}},{"synonyms":null,"sampleValue":{"value":"SecondInteractionOthers"}},{"synonyms":null,"sampleValue":{"value":"SecondInteractionPrepaid"}},{"synonyms":null,"sampleValue":{"value":"SecondInteractionPostpaid"}},{"synonyms":null,"sampleValue":{"value":"Nama"}},{"synonyms":null,"sampleValue":{"value":"secondInteractionNama"}},{"synonyms":null,"sampleValue":{"value":"B2B"}},{"synonyms":null,"sampleValue":{"value":"secondInteractionB2B"}}],"parentSlotTypeSignature":null,"valueSelectionSetting":{"resolutionStrategy":"TOP_RESOLUTION","regexFilter":null}}