{"name":"option-baqati-plan","identifier":"UYO0O24GFG","description":"option-baqati-plan","slotTypeValues":[{"synonyms":null,"sampleValue":{"value":"Baqati Blue Plus"}},{"synonyms":null,"sampleValue":{"value":"Baqati Green"}},{"synonyms":null,"sampleValue":{"value":"Baqati Bronze"}},{"synonyms":null,"sampleValue":{"value":"Baqati Silver"}},{"synonyms":null,"sampleValue":{"value":"Baqati Gold"}},{"synonyms":null,"sampleValue":{"value":"Baqati Platinum"}},{"synonyms":null,"sampleValue":{"value":"Baqati Al Ufuq"}}],"parentSlotTypeSignature":null,"valueSelectionSetting":{"resolutionStrategy":"TOP_RESOLUTION","regexFilter":null}}