{"name":"Hayyak-Recharge-Here","identifier":"MXO3XBI2MB","description":null,"parentIntentSignature":null,"sampleUtterances":[{"utterance":"Hayyak Recharge Here"},{"utterance":" Recharge Here"}],"intentConfirmationSetting":null,"intentClosingSetting":null,"initialResponseSetting":{"conditional":null,"codeHook":{"isActive":true,"invocationLabel":null,"postCodeHookSpecification":{"failureResponse":null,"failureNextStep":{"sessionAttributes":null,"intent":null,"dialogAction":{"type":"EndConversation","slotToElicit":null,"suppressNextMessage":null}},"failureConditional":null,"successResponse":null,"successNextStep":{"sessionAttributes":null,"intent":null,"dialogAction":{"type":"ElicitSlot","slotToElicit":"mobile","suppressNextMessage":null}},"successConditional":null,"timeoutResponse":null,"timeoutNextStep":{"sessionAttributes":null,"intent":null,"dialogAction":{"type":"EndConversation","slotToElicit":null,"suppressNextMessage":null}},"timeoutConditional":null},"enableCodeHookInvocation":true},"nextStep":{"sessionAttributes":null,"intent":null,"dialogAction":{"type":"InvokeDialogCodeHook","slotToElicit":null,"suppressNextMessage":null}},"initialResponse":null},"inputContexts":null,"outputContexts":null,"kendraConfiguration":null,"qnAIntentConfiguration":null,"bedrockAgentIntentConfiguration":null,"qInConnectIntentConfiguration":null,"dialogCodeHook":{"enabled":true},"fulfillmentCodeHook":null,"slotPriorities":[{"priority":8,"slotName":"secvoucherfaild"},{"priority":1,"slotName":"mobile"},{"priority":9,"slotName":"otpRetry2"},{"priority":4,"slotName":"voucherfaild"},{"priority":10,"slotName":"mobilefaild"},{"priority":5,"slotName":"otpRech"},{"priority":2,"slotName":"vouchercorrect"},{"priority":7,"slotName":"optionrecharge"},{"priority":3,"slotName":"otpFails"},{"priority":6,"slotName":"voucher"}]}