{"name":"loginorNot","identifier":"IBZ7GHA2JQ","description":"loginorNot","slotTypeValues":[{"synonyms":null,"sampleValue":{"value":"loggedIn"}},{"synonyms":null,"sampleValue":{"value":"notlogin"}},{"synonyms":null,"sampleValue":{"value":"iPhone15"}},{"synonyms":null,"sampleValue":{"value":"DeviceAvailable"}},{"synonyms":null,"sampleValue":{"value":"TrackOrder"}},{"synonyms":null,"sampleValue":{"value":"Eligible for installment"}}],"parentSlotTypeSignature":null,"valueSelectionSetting":{"resolutionStrategy":"TOP_RESOLUTION","regexFilter":null}}