{"name":"Hayyak-My-Data-Consumption","identifier":"4H3H9VWW8B","description":null,"parentIntentSignature":null,"sampleUtterances":[{"utterance":"data consumption"},{"utterance":" my data consumption"},{"utterance":" data usage"},{"utterance":" data have I used"},{"utterance":" data I consumed"},{"utterance":" remaining data"},{"utterance":" my data limit"}],"intentConfirmationSetting":null,"intentClosingSetting":null,"initialResponseSetting":{"conditional":null,"codeHook":{"isActive":true,"invocationLabel":null,"postCodeHookSpecification":{"failureResponse":null,"failureNextStep":{"sessionAttributes":null,"intent":null,"dialogAction":{"type":"EndConversation","slotToElicit":null,"suppressNextMessage":null}},"failureConditional":null,"successResponse":null,"successNextStep":{"sessionAttributes":null,"intent":null,"dialogAction":{"type":"ElicitSlot","slotToElicit":"appData","suppressNextMessage":null}},"successConditional":null,"timeoutResponse":null,"timeoutNextStep":{"sessionAttributes":null,"intent":null,"dialogAction":{"type":"EndConversation","slotToElicit":null,"suppressNextMessage":null}},"timeoutConditional":null},"enableCodeHookInvocation":true},"nextStep":{"sessionAttributes":null,"intent":null,"dialogAction":{"type":"InvokeDialogCodeHook","slotToElicit":null,"suppressNextMessage":null}},"initialResponse":null},"inputContexts":null,"outputContexts":null,"kendraConfiguration":null,"qnAIntentConfiguration":null,"bedrockAgentIntentConfiguration":null,"qInConnectIntentConfiguration":null,"dialogCodeHook":{"enabled":true},"fulfillmentCodeHook":null,"slotPriorities":[{"priority":2,"slotName":"myConsumption"},{"priority":1,"slotName":"appData"}]}