{"name":"baqati-bill","identifier":"SFFKZALLXD","description":null,"slotTypeValues":[{"synonyms":null,"sampleValue":{"value":"Pay Bill"}},{"synonyms":null,"sampleValue":{"value":"Change Primary Number"}},{"synonyms":null,"sampleValue":{"value":"Change Bill Language"}},{"synonyms":null,"sampleValue":{"value":"Paid Bills History"}},{"synonyms":null,"sampleValue":{"value":"Payment history"}},{"synonyms":null,"sampleValue":{"value":"Money transfer History"}},{"synonyms":null,"sampleValue":{"value":"View bills"}}],"parentSlotTypeSignature":null,"valueSelectionSetting":{"resolutionStrategy":"TOP_RESOLUTION","regexFilter":null}}