{"name":"Plans","identifier":"VJQ08OK956","description":null,"slotTypeValues":[{"synonyms":null,"sampleValue":{"value":"100 Mbps plan"}},{"synonyms":null,"sampleValue":{"value":"200 Mbps plan"}},{"synonyms":null,"sampleValue":{"value":"500 Mbps plan"}},{"synonyms":null,"sampleValue":{"value":"1 Gbps plan"}},{"synonyms":null,"sampleValue":{"value":"150 Mbps plan"}},{"synonyms":null,"sampleValue":{"value":"300 Mbps plan"}}],"parentSlotTypeSignature":null,"valueSelectionSetting":{"resolutionStrategy":"TOP_RESOLUTION","regexFilter":null}}