{"name":"list-services","identifier":"Q1VIDL7MKV","description":null,"slotTypeValues":[{"synonyms":null,"sampleValue":{"value":"Starzplay"}},{"synonyms":null,"sampleValue":{"value":"Jawwy TV"}},{"synonyms":null,"sampleValue":{"value":"OSN+"}},{"synonyms":null,"sampleValue":{"value":"Bein CONNECT"}},{"synonyms":null,"sampleValue":{"value":"Zee5"}},{"synonyms":null,"sampleValue":{"value":"Omantel kids VAS"}},{"synonyms":null,"sampleValue":{"value":"Lamsa"}},{"synonyms":null,"sampleValue":{"value":"Riyadh Al Salihin"}},{"synonyms":null,"sampleValue":{"value":"e-Junior"}},{"synonyms":null,"sampleValue":{"value":"Fatafet"}},{"synonyms":null,"sampleValue":{"value":"Watch iT"}},{"synonyms":null,"sampleValue":{"value":"Hydayah"}},{"synonyms":null,"sampleValue":{"value":"Omantel Elkheer"}},{"synonyms":null,"sampleValue":{"value":"VIU"}},{"synonyms":null,"sampleValue":{"value":"Shahid VIP"}},{"synonyms":null,"sampleValue":{"value":"Play VoD"}},{"synonyms":null,"sampleValue":{"value":"More Services"}}],"parentSlotTypeSignature":null,"valueSelectionSetting":{"resolutionStrategy":"TOP_RESOLUTION","regexFilter":null}}