{"name":"Hayyak-Recharge-For-Someone-Else","identifier":"DWF0SRC0E5","description":null,"parentIntentSignature":null,"sampleUtterances":[{"utterance":"Hayyak Recharge For Someone Else"},{"utterance":" Recharge for someone else "}],"intentConfirmationSetting":null,"intentClosingSetting":null,"initialResponseSetting":{"conditional":null,"codeHook":{"isActive":true,"invocationLabel":null,"postCodeHookSpecification":{"failureResponse":null,"failureNextStep":{"sessionAttributes":null,"intent":null,"dialogAction":{"type":"EndConversation","slotToElicit":null,"suppressNextMessage":null}},"failureConditional":null,"successResponse":null,"successNextStep":{"sessionAttributes":null,"intent":null,"dialogAction":{"type":"ElicitSlot","slotToElicit":"otp","suppressNextMessage":null}},"successConditional":null,"timeoutResponse":null,"timeoutNextStep":{"sessionAttributes":null,"intent":null,"dialogAction":{"type":"EndConversation","slotToElicit":null,"suppressNextMessage":null}},"timeoutConditional":null},"enableCodeHookInvocation":true},"nextStep":{"sessionAttributes":null,"intent":null,"dialogAction":{"type":"InvokeDialogCodeHook","slotToElicit":null,"suppressNextMessage":null}},"initialResponse":null},"inputContexts":null,"outputContexts":null,"kendraConfiguration":null,"qnAIntentConfiguration":null,"bedrockAgentIntentConfiguration":null,"qInConnectIntentConfiguration":null,"dialogCodeHook":{"enabled":true},"fulfillmentCodeHook":null,"slotPriorities":[{"priority":6,"slotName":"wrongvoucher"},{"priority":8,"slotName":"rightentry"},{"priority":2,"slotName":"otpfailed"},{"priority":4,"slotName":"mobileNo"},{"priority":5,"slotName":"wrongentrysecond"},{"priority":7,"slotName":"serialVoucher"},{"priority":1,"slotName":"otp"},{"priority":3,"slotName":"otpretryonce"},{"priority":9,"slotName":"wrongmobileNo"}]}