{"name":"appleItunes","identifier":"YAYUPRAQJY","description":null,"slotTypeValues":[{"synonyms":null,"sampleValue":{"value":"itune50"}},{"synonyms":null,"sampleValue":{"value":"itune100"}},{"synonyms":null,"sampleValue":{"value":"itune40"}},{"synonyms":null,"sampleValue":{"value":"itune10"}},{"synonyms":null,"sampleValue":{"value":"itune25"}},{"synonyms":null,"sampleValue":{"value":"itune15"}},{"synonyms":null,"sampleValue":{"value":"itune30"}},{"synonyms":null,"sampleValue":{"value":"itune5"}}],"parentSlotTypeSignature":null,"valueSelectionSetting":{"resolutionStrategy":"TOP_RESOLUTION","regexFilter":null}}