{"name":"vatSlot","identifier":"DEKPVBQXAP","description":null,"slotTypeValues":[{"synonyms":null,"sampleValue":{"value":"VAT on New SIMs"}},{"synonyms":null,"sampleValue":{"value":"VAT for Prepaid Users"}},{"synonyms":null,"sampleValue":{"value":"VAT for Postpaid Users"}},{"synonyms":null,"sampleValue":{"value":"VAT on Home Internet"}},{"synonyms":null,"sampleValue":{"value":"VAT on Devices"}},{"synonyms":null,"sampleValue":{"value":"VAT for Business Owners"}}],"parentSlotTypeSignature":null,"valueSelectionSetting":{"resolutionStrategy":"TOP_RESOLUTION","regexFilter":null}}