{"name":"Complaints","identifier":"DF0WILOWLF","description":null,"parentIntentSignature":null,"sampleUtterances":[{"utterance":"complaints"}],"intentConfirmationSetting":null,"intentClosingSetting":null,"initialResponseSetting":{"conditional":null,"codeHook":{"isActive":true,"invocationLabel":null,"postCodeHookSpecification":{"failureResponse":null,"failureNextStep":{"sessionAttributes":null,"intent":null,"dialogAction":{"type":"EndConversation","slotToElicit":null,"suppressNextMessage":null}},"failureConditional":null,"successResponse":null,"successNextStep":{"sessionAttributes":null,"intent":null,"dialogAction":{"type":"ElicitSlot","slotToElicit":"ValidTicketId","suppressNextMessage":null}},"successConditional":null,"timeoutResponse":null,"timeoutNextStep":{"sessionAttributes":null,"intent":null,"dialogAction":{"type":"EndConversation","slotToElicit":null,"suppressNextMessage":null}},"timeoutConditional":null},"enableCodeHookInvocation":true},"nextStep":{"sessionAttributes":null,"intent":null,"dialogAction":{"type":"InvokeDialogCodeHook","slotToElicit":null,"suppressNextMessage":null}},"initialResponse":null},"inputContexts":null,"outputContexts":null,"kendraConfiguration":null,"qnAIntentConfiguration":null,"bedrockAgentIntentConfiguration":null,"qInConnectIntentConfiguration":null,"dialogCodeHook":{"enabled":true},"fulfillmentCodeHook":null,"slotPriorities":[{"priority":2,"slotName":"IncorrectTicketId"},{"priority":1,"slotName":"ValidTicketId"},{"priority":4,"slotName":"IssueYesNo"},{"priority":3,"slotName":"issueSolvedorNot"}]}