{"name":"SIM-Services","identifier":"3LEFQN0YSE","description":null,"parentIntentSignature":null,"sampleUtterances":[{"utterance":"SIM Services"}],"intentConfirmationSetting":null,"intentClosingSetting":null,"initialResponseSetting":{"conditional":null,"codeHook":{"isActive":true,"invocationLabel":null,"postCodeHookSpecification":{"failureResponse":null,"failureNextStep":{"sessionAttributes":null,"intent":null,"dialogAction":{"type":"EndConversation","slotToElicit":null,"suppressNextMessage":null}},"failureConditional":null,"successResponse":null,"successNextStep":{"sessionAttributes":null,"intent":null,"dialogAction":{"type":"ElicitSlot","slotToElicit":"SIM-Service-OTP-Fail","suppressNextMessage":null}},"successConditional":null,"timeoutResponse":null,"timeoutNextStep":{"sessionAttributes":null,"intent":null,"dialogAction":{"type":"EndConversation","slotToElicit":null,"suppressNextMessage":null}},"timeoutConditional":null},"enableCodeHookInvocation":true},"nextStep":{"sessionAttributes":null,"intent":null,"dialogAction":{"type":"InvokeDialogCodeHook","slotToElicit":null,"suppressNextMessage":null}},"initialResponse":null},"inputContexts":null,"outputContexts":null,"kendraConfiguration":null,"qnAIntentConfiguration":null,"bedrockAgentIntentConfiguration":null,"qInConnectIntentConfiguration":null,"dialogCodeHook":{"enabled":true},"fulfillmentCodeHook":null,"slotPriorities":[{"priority":7,"slotName":"ReplacePKI"},{"priority":10,"slotName":"BuyNewPostpaidSIM"},{"priority":1,"slotName":"SIM-Service-OTP-Fail"},{"priority":3,"slotName":"SIM-Service-OTP"},{"priority":6,"slotName":"ReplaceLostOrDamageSIM"},{"priority":2,"slotName":"SIM-Service-OTP-Retry"},{"priority":9,"slotName":"join-omantel-options"},{"priority":5,"slotName":"BuyNewPrepaidSIM"},{"priority":8,"slotName":"PUKNumber"},{"priority":4,"slotName":"SIM-Services-options"},{"priority":11,"slotName":"ReplaceSIMWithESIM"}]}