{"name":"Device-Available","identifier":"91LDBE8OUM","description":null,"slotTypeValues":[{"synonyms":null,"sampleValue":{"value":"Web"}},{"synonyms":null,"sampleValue":{"value":"brand"}},{"synonyms":null,"sampleValue":{"value":"Apple"}},{"synonyms":null,"sampleValue":{"value":"Samsung"}},{"synonyms":null,"sampleValue":{"value":"Lenovo"}},{"synonyms":null,"sampleValue":{"value":"Huawei"}},{"synonyms":null,"sampleValue":{"value":"Oppo"}}],"parentSlotTypeSignature":null,"valueSelectionSetting":{"resolutionStrategy":"TOP_RESOLUTION","regexFilter":null}}