{"name":"eShop","identifier":"QVFOHD9Y0M","description":null,"parentIntentSignature":null,"sampleUtterances":[{"utterance":"eShop"}],"intentConfirmationSetting":null,"intentClosingSetting":null,"initialResponseSetting":{"conditional":null,"codeHook":{"isActive":true,"invocationLabel":null,"postCodeHookSpecification":{"failureResponse":null,"failureNextStep":{"sessionAttributes":null,"intent":null,"dialogAction":{"type":"EndConversation","slotToElicit":null,"suppressNextMessage":null}},"failureConditional":null,"successResponse":null,"successNextStep":{"sessionAttributes":null,"intent":null,"dialogAction":{"type":"ElicitSlot","slotToElicit":"otpEshopFail","suppressNextMessage":null}},"successConditional":null,"timeoutResponse":null,"timeoutNextStep":{"sessionAttributes":null,"intent":null,"dialogAction":{"type":"EndConversation","slotToElicit":null,"suppressNextMessage":null}},"timeoutConditional":null},"enableCodeHookInvocation":true},"nextStep":{"sessionAttributes":null,"intent":null,"dialogAction":{"type":"InvokeDialogCodeHook","slotToElicit":null,"suppressNextMessage":null}},"initialResponse":null},"inputContexts":null,"outputContexts":null,"kendraConfiguration":null,"qnAIntentConfiguration":null,"bedrockAgentIntentConfiguration":null,"qInConnectIntentConfiguration":null,"dialogCodeHook":{"enabled":true},"fulfillmentCodeHook":null,"slotPriorities":[{"priority":10,"slotName":"email"},{"priority":11,"slotName":"MobileModel"},{"priority":7,"slotName":"TrackOrder"},{"priority":14,"slotName":"loginornot"},{"priority":12,"slotName":"deviceNotavailable"},{"priority":13,"slotName":"orderID"},{"priority":1,"slotName":"otpEshopFail"},{"priority":4,"slotName":"color"},{"priority":9,"slotName":"DeviceAvailable"},{"priority":2,"slotName":"otpEshopRetry"},{"priority":6,"slotName":"EligibleForInstallment"},{"priority":8,"slotName":"iPhone15"},{"priority":5,"slotName":"storage"},{"priority":3,"slotName":"otpEshop"}]}